-ELBO,Dkl,Recon,PCA_cell_type,PCA_batch,PCA_DonorID,PCA_Site
-44501.22265625,20887.755859375,65388.99609375,433,433,433,433
