-ELBO,Dkl,Recon,PCA_cell_type,PCA_batch,PCA_DonorID,PCA_Site
-33987.16796875,1279.447998046875,35266.62890625,47,47,47,47
