-ELBO,Dkl,Recon,PCA_cell_type,PCA_batch,PCA_DonorID,PCA_Site
-17785.66015625,16481.662109375,34267.31640625,467,467,467,467
